{
  "restormer_896": {
    "per_image": [
      {
        "image_id": "13",
        "psnr": 24.378368572318145,
        "ssim": 0.9303364844889034,
        "mae": 0.04059608381112862,
        "mae_shadows": 0.04130838668888492,
        "mae_midtones": 0.03997495885385491,
        "mae_highlights": 0.056949308412005746,
        "error_pct_shadows": 0.284545999987085,
        "error_pct_midtones": 0.6949379673087758,
        "error_pct_highlights": 0.020516032704139056,
        "mae_red": 0.04429458795236845,
        "mae_green": 0.03800207583033214,
        "mae_blue": 0.03949158765068527,
        "mae_saturation": 0.06467991004995749,
        "saturation_error_in_highlights": 0.0439455502838219,
        "mae_hue": 0.028112204761461868,
        "hue_error_in_highlights": 0.1232906528877911,
        "mae_edges": 0.06522322545690798,
        "mae_flat": 0.0333656545788368,
        "pct_shadows": 0.2796394192442602,
        "pct_midtones": 0.7057358099489796,
        "pct_highlights": 0.014624770806760204
      },
      {
        "image_id": "1",
        "psnr": 24.922398226439846,
        "ssim": 0.9332778735374924,
        "mae": 0.04228805942950095,
        "mae_shadows": 0.07268882547497948,
        "mae_midtones": 0.02693456079039538,
        "mae_highlights": 0.04977408455131228,
        "error_pct_shadows": 0.5526204199074283,
        "error_pct_midtones": 0.4142100821631003,
        "error_pct_highlights": 0.03316949792947171,
        "mae_red": 0.04578790012098588,
        "mae_green": 0.036021596138455375,
        "mae_blue": 0.04505468202906162,
        "mae_saturation": 0.04728310269420268,
        "saturation_error_in_highlights": 0.019507481210305905,
        "mae_hue": 0.09235052337992489,
        "hue_error_in_highlights": 0.1436191163759233,
        "mae_edges": 0.06281924041604199,
        "mae_flat": 0.03426169118090111,
        "pct_shadows": 0.32149708027742346,
        "pct_midtones": 0.650322116151148,
        "pct_highlights": 0.028180803571428572
      },
      {
        "image_id": "3",
        "psnr": 19.64445111119342,
        "ssim": 0.887819758225641,
        "mae": 0.0713799842853808,
        "mae_shadows": 0.0866953101159247,
        "mae_midtones": 0.06256879058952362,
        "mae_highlights": 0.08520351887733893,
        "error_pct_shadows": 0.4093114425917781,
        "error_pct_midtones": 0.5548036056126238,
        "error_pct_highlights": 0.035884951795598,
        "mae_red": 0.0725312634819553,
        "mae_green": 0.06347234206182474,
        "mae_blue": 0.07813634731236246,
        "mae_saturation": 0.08235923764036866,
        "saturation_error_in_highlights": 0.12244669485776494,
        "mae_hue": 0.04848474342536493,
        "hue_error_in_highlights": 0.1063112584305872,
        "mae_edges": 0.10689531618343033,
        "mae_flat": 0.0499323966762081,
        "pct_shadows": 0.33700374681122447,
        "pct_midtones": 0.6329333246970663,
        "pct_highlights": 0.030062928491709183
      },
      {
        "image_id": "6",
        "psnr": 25.017065978040552,
        "ssim": 0.8441441926277746,
        "mae": 0.03981782003165851,
        "mae_shadows": 0.046023223877201105,
        "mae_midtones": 0.035762146172535286,
        "mae_highlights": 0.08251403820334503,
        "error_pct_shadows": 0.34740883631713926,
        "error_pct_midtones": 0.6095277461212011,
        "error_pct_highlights": 0.043063417561659864,
        "mae_red": 0.035387719540941366,
        "mae_green": 0.03590297447103841,
        "mae_blue": 0.048162766082995696,
        "mae_saturation": 0.06764107498468136,
        "saturation_error_in_highlights": 0.10095494650536592,
        "mae_hue": 0.03052873330321712,
        "hue_error_in_highlights": 0.06348678295270634,
        "mae_edges": 0.06114956864240216,
        "mae_flat": 0.033648008374792766,
        "pct_shadows": 0.30056700414540816,
        "pct_midtones": 0.6786523935746174,
        "pct_highlights": 0.02078060227997449
      },
      {
        "image_id": "7",
        "psnr": 22.083282023041264,
        "ssim": 0.8897646484460616,
        "mae": 0.061113934506094085,
        "mae_shadows": 0.06396160983675755,
        "mae_midtones": 0.04748641213748019,
        "mae_highlights": 0.15263809449998708,
        "error_pct_shadows": 0.6551876939839844,
        "error_pct_midtones": 0.26610279883651294,
        "error_pct_highlights": 0.0787095071795022,
        "mae_red": 0.06907492489183176,
        "mae_green": 0.059038420055522206,
        "mae_blue": 0.055228458570928375,
        "mae_saturation": 0.05385648888461635,
        "saturation_error_in_highlights": 0.11619344338525923,
        "mae_hue": 0.09136893689767575,
        "hue_error_in_highlights": 0.09753754940711462,
        "mae_edges": 0.07873504312715704,
        "mae_flat": 0.054652109393317425,
        "pct_shadows": 0.6260176678093112,
        "pct_midtones": 0.34246826171875,
        "pct_highlights": 0.03151407047193878
      }
    ],
    "summary": {
      "avg_psnr": 23.209113182206643,
      "avg_ssim": 0.8970685914651746,
      "avg_mae_highlights": 0.08541580890879781,
      "avg_error_pct_highlights": 0.04226868143407416,
      "avg_saturation_error_highlights": 0.08060962324850358
    }
  },
  "darkir_baseline": {
    "per_image": [
      {
        "image_id": "123",
        "psnr": 17.217558329845616,
        "ssim": 0.8517727157303577,
        "mae": 0.1115155587788501,
        "mae_shadows": 0.16155072383961866,
        "mae_midtones": 0.09792848025625836,
        "mae_highlights": 0.15403960725123675,
        "error_pct_shadows": 0.28139306332844255,
        "error_pct_midtones": 0.688350331086383,
        "error_pct_highlights": 0.03025660558517445,
        "mae_red": 0.0870120179419424,
        "mae_green": 0.11178253772212009,
        "mae_blue": 0.13575212067248774,
        "mae_saturation": 0.1430924658681832,
        "saturation_error_in_highlights": 0.10866064294056181,
        "mae_hue": 0.03624805874294704,
        "hue_error_in_highlights": 0.18049750377336585,
        "mae_edges": 0.13844872379482503,
        "mae_flat": 0.09148730458323202,
        "pct_shadows": 0.19424057006835938,
        "pct_midtones": 0.7838554382324219,
        "pct_highlights": 0.02190399169921875
      },
      {
        "image_id": "155",
        "psnr": 15.398669425814116,
        "ssim": 0.7899295634877644,
        "mae": 0.12382050557853354,
        "mae_shadows": 0.17148994666787004,
        "mae_midtones": 0.0467777405722638,
        "mae_highlights": 0.05880424569911664,
        "error_pct_shadows": 0.853973245683699,
        "error_pct_midtones": 0.14025481229418862,
        "error_pct_highlights": 0.005771942022112374,
        "mae_red": 0.13851536769492956,
        "mae_green": 0.12855601591222426,
        "mae_blue": 0.10439013312844668,
        "mae_saturation": 0.05956159105487897,
        "saturation_error_in_highlights": 0.029750255406619647,
        "mae_hue": 0.05242911444769965,
        "hue_error_in_highlights": 0.33643893422612825,
        "mae_edges": 0.09258048106120875,
        "mae_flat": 0.1433396635666915,
        "pct_shadows": 0.6165924072265625,
        "pct_midtones": 0.37125396728515625,
        "pct_highlights": 0.01215362548828125
      },
      {
        "image_id": "258",
        "psnr": 22.82843092830431,
        "ssim": 0.8721482691797539,
        "mae": 0.05682109757965681,
        "mae_shadows": 0.07066087339964064,
        "mae_midtones": 0.04301747847347583,
        "mae_highlights": 0.10290939791494733,
        "error_pct_shadows": 0.6068074944326028,
        "error_pct_midtones": 0.38367211611638596,
        "error_pct_highlights": 0.00952038945101112,
        "mae_red": 0.050013688031364884,
        "mae_green": 0.04723787494734221,
        "mae_blue": 0.07321172976026348,
        "mae_saturation": 0.15838277480181526,
        "saturation_error_in_highlights": 0.10071430604172002,
        "mae_hue": 0.05974135928683812,